"ad_category","ad_subcategory","ad_status","ad_province_name","ad_district_name","ad_nhood_name","ad_square_net_int","count","ilan_no","ad_lat","ad_lng","ad_picture","ad_page_url","ad_page_title","ad_comment","ad_pure_price_int","ad_square_int","ad_m2_price_int","ad_currency","ad_date"
"Konut","Daire","SatÄ±lÄ±k","Ä°stanbul","GÃ¼ngÃ¶ren","GenÃ§osman Mh.","80","26983108","1140432421","41.02948354009842","28.87573186308146","https://i0.shbdn.com/photos/43/24/21/1140432421mlk.jpg","https://www.sahibinden.com/ilan/emlak-konut-satilik-acil-satilik-1140432421/detay","Acil satÄ±lÄ±k - SatÄ±lÄ±k Daire Ä°lanlarÄ± sahibinden.com da - 1140432421","85 metrekare 2+1","2000000","85","23529","TL","2023-12-04T21:00:00.000Z"
"Bina","BelirtilmemiÅŸ","SatÄ±lÄ±k","Ä°stanbul","Sultangazi","50. YÄ±l Mh.","null","26983108","1140411786","41.09268377264511","28.87627094176568","https://i0.shbdn.com/photos/41/17/86/1140411786g1t.jpg","https://www.sahibinden.com/ilan/emlak-bina-satilik-50yil-mahallesinde-satilik-bina-arsasi-119m2-1140411786/detay","50YIL MAHALLESÄ°NDE SATILIK BÄ°NA ARSASI 119M2 - SatÄ±lÄ±k Bina Ä°lanlarÄ± sahibinden.com da - 1140411786","50yÄ±l mahallesinde satÄ±lÄ±k bina 119m2 arsasÄ±","7999000","119","67218","TL","2023-12-04T21:00:00.000Z"
"Bina","BelirtilmemiÅŸ","SatÄ±lÄ±k","Ä°stanbul","BeylikdÃ¼zÃ¼","GÃ¼rpÄ±nar Mh.","null","26983108","1140413073","40.974060007012206","28.598949015140533","https://i0.shbdn.com/photos/41/30/73/11404130739o9.jpg","https://www.sahibinden.com/ilan/emlak-bina-satilik-beylikduzu-gurpinar-da-acil-satilik-villa-vatandasliga-uygun-1140413073/detay","BEYLÄ°KDÃœZÃœ GÃœRPINAR DA ACÄ°L SATILIK VÄ°LLA VATANDAÅžLIÄžA UYGUN - SatÄ±lÄ±k Bina Ä°lanlarÄ± sahibinden.com da - 1140413073","DETAYLI BÄ°LGÄ° VE SUNUM Ä°Ã‡Ä°N ARAYINIZ\r\n\r\n\r\n\r\nARSAMIZ 800 m2 Ä°MARLI 3 ADET VÄ°LLA YAPILABÄ°LÄ°R\r\n\r\nÄ°Ã‡Ä°NDE 4 katlÄ± mÃ¼stakil tapu vardÄ±r\r\n\r\nYOLA CEPHE ORMAN MANZARALI VATANDAÅžLIÄžA UYGUN","19000000","800","23750","TL","2023-12-04T21:00:00.000Z"
"Arsa","Ä°marlÄ± Konut","SatÄ±lÄ±k","Ä°stanbul","ArnavutkÃ¶y","Mehmet Akif Ersoy Mh.","null","26983108","1140409230","41.18984298655071","28.70529612695312","","https://www.sahibinden.com/ilan/emlak-arsa-satilik-istanbul-arnavutkoy-tasolukda-satilik-arsa-1140409230/detay","Istanbul ArnavutkÃ¶y Tasolukda satilik arsa - SatÄ±lÄ±k Arsa Ä°lanlarÄ± sahibinden.com da - 1140409230","ArnavutkÃ¶y tasolukda satilik cift dayrelik mustakil arsa komisyon yok","6750000","312","21635","TL","2023-12-04T21:00:00.000Z"
"Arsa","Tarla","SatÄ±lÄ±k","Ä°stanbul","Silivri","GÃ¼mÃ¼ÅŸyaka Merkez Mh.","null","26983108","1140331149","41.07181073347987","28.032942563295364","https://i0.shbdn.com/photos/33/11/49/114033114965g.jpg","https://www.sahibinden.com/ilan/emlak-arsa-satilik-imarli-villalarin-yaninda-tarladan-hisse-kacmaz-1140331149/detay","IMARLI VILLALARIN YANINDA TARLADAN HISSE KACMAZ - SatÄ±lÄ±k Arsa Ä°lanlarÄ± sahibinden.com da - 1140331149","kacmayacak tarladan hisse imarli villalarÄ±n yanÄ±nda ilk imara girecek yerde yatirima uygun ihtiyaÃ§tan fiyat ucuz tutuldu....","750000","527","1423","TL","2023-12-04T21:00:00.000Z"
"Arsa","Ä°marlÄ± Konut","SatÄ±lÄ±k","Ä°stanbul","Beykoz","RÃ¼zgarlÄ±bahÃ§e Mh.","null","26983108","1140397756","41.097574335109236","29.09528005868196","https://i0.shbdn.com/photos/39/77/56/1140397756wf4.jpg","https://www.sahibinden.com/ilan/emlak-arsa-satilik-yatirimlik-firsat-1140397756/detay","YatÄ±rÄ±mlÄ±k.. FÄ±rsat.. - SatÄ±lÄ±k Arsa Ä°lanlarÄ± sahibinden.com da - 1140397756","Beykoz KavacÄ±kta..\r\nRÃ¼zgarlÄ±bahÃ§e mh.\r\nArsa alanÄ± 225 m2\r\n\r\nDetaylÄ± Bilgi Ä°Ã§in ArayÄ±nÄ±z..\r\nRemax Eksen\r\nOsman DalÄ±cÄ±\r\n0532 451 50 19","6500000","225","28889","TL","2023-12-04T21:00:00.000Z"
"Konut","Daire","KiralÄ±k","Ä°stanbul","Pendik","SÃ¼lÃ¼ntepe Mh.","75","26983108","1140340123","40.90618752680664","29.27761638745117","https://i0.shbdn.com/photos/34/01/23/1140340123mnv.jpg","https://www.sahibinden.com/ilan/emlak-konut-kiralik-remax-gold-tan-pendik-toki-de-2-plus1-arakat-kiralik-daire-1140340123/detay","REMAX GOLD TAN PENDÄ°K TOKÄ° DE 2+1 ARAKAT KÄ°RALIK DAÄ°RE - KiralÄ±k Daire Ä°lanlarÄ± sahibinden.com da - 1140340123","â€‹\r\n\r\nRE/MAX/GOLD\r\n\r\n\r\n\r\nDAÄ°REMÄ°Z BOÅž OLUP BOYA VE TADÄ°LAT Ä°ÅžLERÄ° VARDIR KÄ°RACIMIZ Ä°LE ANLAÅžMAYA BAÄžLI OLARAK Ä°LERLENECEKTÄ°R.\r\n\r\nPENDÄ°K TOKÄ° KONUTLARI BÃ¶lgenin En KullanÄ±ÅŸlÄ± ve Tercih edilen Sitelerinden olan Dairemiz 85Â² BrÃ¼t (70mÂ² Net) KullanÄ±m AlanÄ±na Sahip 2+1 Dairemiz KiralÄ±ktÄ±r.\r\n\r\n\r\n\r\nKapalÄ± Mutfak, Ã‡ift WC , GeniÅŸ KullanÄ±ÅŸlÄ± Odalar\r\n\r\n\r\n\r\nAyrÄ±ca Yeni AÃ§Ä±lan HavalimanÄ± Metro HattÄ± Yayalar Metro DuraÄŸÄ± 2 dk yÃ¼rÃ¼me mesafesindedir.\r\n\r\n\r\n\r\nGENEL Ã–ZELÄ°KLER\r\n\r\n\r\n\r\n* Radye Temel tÃ¼nel kalÄ±p taÅŸÄ±yÄ±cÄ± sistem â€‹\r\n\r\n\r\n\r\n*2007 YapÄ±mÄ±â€‹\r\n\r\n\r\n\r\n*85 M2 BÃ¼rÃ¼t 85m2 net kullanÄ±m alanÄ±\r\n\r\n\r\n\r\n* Aile Sitesi\r\n\r\n\r\n\r\n* GeniÅŸ peyzaj alanÄ±\r\n\r\n\r\n\r\n* Oyun parklarÄ±\r\n\r\n\r\n\r\n* Kamelyalar\r\n\r\n\r\n\r\n* Basketbol, Futbol sahalarÄ±\r\n\r\n\r\n\r\n* AÃ§Ä±k otopark\r\n\r\n\r\n\r\n*YangÄ±n merdiveni\r\n\r\n\r\n\r\n* Ã‡ift AsansÃ¶r\r\n\r\n\r\n\r\nâ€¢ Merkezi Uydu Sistemi\r\n\r\n\r\n\r\nâ€¢ GÃ¼venlik KamerasÄ± ve Merkezi Diyafon Sistemi\r\n\r\n\r\n\r\nâ€¢ Sensorlu AydÄ±nlatma Sistemi\r\n\r\n\r\n\r\nLOKASYON\r\n\r\n\r\n\r\nÄ°stanbul Gedik Ãœniversitesi YerleÅŸkesi 5 DK YÃ¼rÃ¼me Mesafesinde,\r\n\r\n\r\n\r\nAnkara Caddesi 2 DK YÃ¼rÃ¼me Mesafesinde,\r\n\r\n\r\n\r\nAraÃ§la, Pendik KÃ¶prÃ¼sÃ¼ 8 DK,\r\n\r\n\r\n\r\nSabiha GÃ¶kÃ§en HavalimanÄ± 8 DK,\r\n\r\n\r\n\r\nKadÄ±kÃ¶y-TavÅŸantepe Metrosu 7 DK,\r\n\r\n\r\n\r\nPendik Merkez 10 DK,\r\n\r\n\r\n\r\nPendik Sahili ve Pendik Marina, Marinturk 12 DK,\r\n\r\n\r\n\r\nPendik Yalova Ä°DO Vapur HatlarÄ± 12 DK,\r\n\r\n\r\n\r\nKartal-Adalar Vapur HatlarÄ±na 17 DK,\r\n\r\n\r\n\r\nPendik YHT Ä°stasyonu ve Marmaray 10 DK,\r\n\r\n\r\n\r\nViaport AlÄ±ÅŸveriÅŸ Merkezi 8 DK,\r\n\r\n\r\n\r\nMarmara Ãœniversitesi Hastanesi 6 DK,\r\n\r\n\r\n\r\nPendik Devlet Hastanesi 14 DK,\r\n\r\n\r\n\r\nPendik AÄŸÄ±z ve DiÅŸ SaÄŸlÄ±ÄŸÄ± Hastanesi 13 DK,\r\n\r\n\r\n\r\nMedical Park Hastanesi 6 DK,\r\n\r\n\r\n\r\nEmsey Hospital 5 DK,\r\n\r\n\r\n\r\nSabancÄ± Ãœniversitesi 22 DK,\r\n\r\n\r\n\r\nÄ°stanbul Okan Ãœniversitesi 25 DK AraÃ§ Mesafesindedir.\r\n\r\n\r\n\r\nDETAYLI BÄ°LGÄ° VE SUNUM Ä°Ã‡Ä°N Ä°LETÄ°ÅžÄ°ME GEÃ‡Ä°NÄ°Z..\r\n\r\n\r\n\r\nREMAX GOLD : EMLAK DANIÅžMANI\r\n\r\n\r\n\r\nSERAP KULCU :0541 585 35 80","13000","85","153","TL","2023-12-04T21:00:00.000Z"
"Konut","Daire","KiralÄ±k","Ä°stanbul","EyÃ¼p","GÃ¶ktÃ¼rk Merkez Mh.","160","26983108","1140317930","41.184169332532825","28.880295641720295","https://i0.shbdn.com/photos/31/79/30/1140317930ajf.jpg","https://www.sahibinden.com/ilan/emlak-konut-kiralik-en-iyi-konumda-genis-kiralik-1140317930/detay","EN Ä°Yi KONUMDA GENÄ°Åž KÄ°RALIK - KiralÄ±k Daire Ä°lanlarÄ± sahibinden.com da - 1140317930","LÃ¼tfen Randevu AlÄ±nÄ±z","50000","190","263","TL","2023-12-04T21:00:00.000Z"
"Konut","Villa","SatÄ±lÄ±k","Ä°stanbul","ArnavutkÃ¶y","Hicret Mh.","180","26983108","1140310514","41.200119503555186","28.75855256650766","https://i0.shbdn.com/photos/31/05/14/11403105140mc.jpg","https://www.sahibinden.com/ilan/emlak-konut-satilik-arnavutkoyde-mukemmel-4-plus1-forlex-satilik-villa-1140310514/detay","ARNAVUTKÃ–YDE MÃœKEMMEL 4+1 FORLEX SATILIK VÄ°LLA - SatÄ±lÄ±k Villa Ä°lanlarÄ± sahibinden.com da - 1140310514","GARDEN GAYRÄ°MENKULDEN ARNAVUTKÃ–YDE 4+1 FORLEX VÄ°LLA\r\n\r\n\r\n1600 m2 iÃ§erisinde bulunan sitemizde 4 adet mÃ¼stakil villa mevcuttur\r\n\r\nHer villanÄ±n kendine ait bahÃ§e kullanÄ±m alanÄ± vardÄ±r\r\n\r\n1 AraÃ§lÄ±k aÃ§Ä±k otopark mevcuttur.\r\n\r\n\r\n\r\n\r\n\r\n\r\n\r\nDETAYLI BÄ°LGÄ° Ä°Ã‡Ä°N LÃœTFEN Ä°LETÄ°ÅžÄ°ME GEÃ‡Ä°NÄ°Z\r\n\r\nÄ°BRAHÄ°M EKE: 05359420355","13000000","220","59091","TL","2023-12-04T21:00:00.000Z"
"Konut","Daire","SatÄ±lÄ±k","Ä°stanbul","KÃ¼Ã§Ã¼kÃ§ekmece","GÃ¼ltepe Mh.","120","26983108","1140341986","40.997843760738746","28.789603724189753","https://i0.shbdn.com/photos/34/19/86/1140341986wvp.jpg","https://www.sahibinden.com/ilan/emlak-konut-satilik-mehmet-ceyhan-dan-gultepe-mah-acil-satilik-daire-3-plus1-125-m2-1140341986/detay","Mehmet Ceyhan dan GÃ¼ltepe Mah. Acil SatÄ±lÄ±k Daire 3+1 125 m2 - SatÄ±lÄ±k Daire Ä°lanlarÄ± sahibinden.com da - 1140341986","MEHMET CEYHAN GAYRÄ°MENKUL VE YATIRIM DANIÅžMANLIÄžI\r\n\r\nÃ–zellik\r\n\r\n\r\nGÃœLTEPE MAH. SATILIK 125 m2 3+1\r\n\r\nBÄ°NA TEK DAÄ°RE ÃœZERÄ°NE OLUP ASANSÃ–R YOKTUR\r\n\r\nDAÄ°RE DE KÄ°RACI OTURMAKTADIR. AY SONU Ã‡IKACAKTIR.\r\n\r\nTOPLU TAÅžIMAYA YAKIN KONUMDA\r\n\r\n\r\n\r\n\r\n\r\n\r\nTÃœM PORTFÃ–YÃœMÃœZE AÅžAÄžIDAKÄ° LÄ°NK TEN ULAÅžABÄ°LÄ°RSÄ°NÄ°Z\r\n\r\nhttps://mehmetceyhangayrimenkul.sahibinden.com/\r\n\r\n\r\nLokasyon Olarak\r\n\r\nParka, Hastaneye ve Okullara YakÄ±n Konum da\r\n\r\n\r\nDETAYLI BÄ°LGÄ° Ä°Ã‡Ä°N ARAYINIZ...\r\n\r\n0212 424 10 17\r\n\r\n0541 729 51 19","3500000","125","28000","TL","2023-12-04T21:00:00.000Z"
"Konut","Daire","KiralÄ±k","Ä°stanbul","BaÅŸakÅŸehir","KayabaÅŸÄ± Mh.","105","26983108","1140388892","41.12691220136719","28.774640675317382","","https://www.sahibinden.com/ilan/emlak-konut-kiralik-kayasehir-18.bolgede-3-plus1-kiralik-daire-1140388892/detay","KAYAÅžEHÄ°R 18.BÃ–LGEDE 3+1 KÄ°RALIK DAÄ°RE - KiralÄ±k Daire Ä°lanlarÄ± sahibinden.com da - 1140388892","DEMÄ°RBEY GAYRÄ°MENKUL Ä°NÅžAAT ve YATIRIM ï»¿DANIÅžMALIÄžI\r\n\r\nSÄ°TE ve Ã‡EVRESÄ°NDE BÄ°R Ã‡OK DONATI VE YAÅžAM KOÅžULLARINI KOLAYLAÅžTIRAN,\r\n\r\nBAÅžAKÅžEHÄ°R, KAYAÅžEHÄ°R SEMTÄ° Ä°Ã‡ERÄ°SÄ°NDE SAKÄ°NLÄ°ÄžÄ° VE\r\n\r\nHUZURU SÄ°ZLERE SUNUYOR\r\n\r\nSitede,Ã§ocuk oyun alanlarÄ±, otopark, gÃ¼venlik ve kamera takip sistemleri,\r\n\r\nortak kullanÄ±m jeneratÃ¶rÃ¼, asansÃ¶r,\r\n\r\nï»¿ve daha bir Ã§ok Ã¶zelliÄŸe sahip ara kat 3+1 daire satÄ±lÄ±ktÄ±r.\r\n\r\nMillet bahÃ§esine, kent meydanÄ±na, ÅŸehir hastanesine, okullara, kamu hizmet binalarÄ±na,\r\n\r\nvadiye, metro, toplu ulaÅŸÄ±m duraklarÄ±na Ã§ok yakÄ±n mesafededir.\r\n\r\nDaireyi GÃ¶rmek, ve Daha DetaylÄ± Bilgi Almak Ä°Ã§in YETKÄ°LÄ° ;\r\n\r\nFATÄ°H ÅžEN\r\n\r\n0543 940 44 60\r\n\r\n( PORTFÃ–YÃœMÃœZ BU DAÄ°RE Ä°LE SINIRLI DEÄžÄ°LDÄ°R.)\r\n\r\n( Bize UlaÅŸÄ±n Talebinize Uygun Gayrimenkul Temin edelim )\r\n\r\n\r\n( Gayrimenkulleriniz DeÄŸerinde KiralanÄ±r Ve SatÄ±lÄ±r )\r\n\r\nADRES: KayaÅŸehir BulvarÄ± Avrupa KonutlarÄ±-1 KarÅŸÄ±sÄ±\r\n\r\n\r\nPark Mavera 2 Sitesi T6-1 Nolu DÃ¼kkan KayaÅŸehir / B.ÅžEHÄ°R / Ä°ST.\r\n\r\n\r\n\r\n\r\n1+1 - 2+1 - 3+1 -4+1 -5+1 DAÄ°RELER SÄ°Z YENÄ° EV SAHÄ°PLERÄ°NÄ° BEKLÄ°YOR\r\n\r\nGELECEÄžÄ°N PARLAYAN YILDIZI BAÅžAKÅžEHÄ°R / KAYAÅžEHÄ°R de\r\n\r\nPEYZAJ ve VADÄ° MANZARALI\r\n\r\nOKULLAR - CAMÄ°Ä° ~ MARKETLER - ALIÅžVERÄ°Åž MERKEZLERÄ°\r\n\r\nRESTORANLAR - AVRUPA nÄ±n EN BÃœYÃœK SAÄžLIK MERKEZÄ°\r\n\r\nYENÄ° KENT MERKEZÄ° - OLÄ°MPÄ°YAT STADYUMU - SAÄžLIK OCAÄžI - ECZANE\r\n\r\nMETRO - TRAMWAY - OTOBÃœS - MÄ°NÄ°BÃœS DURAKLARI - MÄ°LLET BAHÃ‡ESÄ°,\r\n\r\nKAPALI PAZAR - KAMU HÄ°ZMET BÄ°NALARINA YAKIN MESAFELERDE\r\n\r\nve DAHA BÄ°RÃ‡OK Ã–ZELLÄ°ÄžE SAHÄ°P SÄ°TE Ä°Ã‡ERÄ°SÄ°NDE\r\n\r\nDEVÄ°RLÄ° veya TAPULU BORÃ‡SUZ KREDÄ°YE ve HER BÃœTÃ‡EYE UYGUN DAÄ°RELER\r\n\r\nBÄ°ZÄ°MLE Ã‡ALIÅžMAK Ä°STERMÄ°SÄ°NÄ°Z GAYRÄ°MENKUL DANIÅžMANI Ã‡ALIÅžMA ARKADAÅžLARI ARIYORUZ","21000","118","178","TL","2023-12-04T21:00:00.000Z"
"Konut","Daire","KiralÄ±k","Ä°stanbul","Ã‡ekmekÃ¶y","AydÄ±nlar Mh.","75","26983108","1140311151","41.01730291222154","29.220563024282455","https://i0.shbdn.com/photos/31/11/51/1140311151152.jpg","https://www.sahibinden.com/ilan/emlak-konut-kiralik-cekmekoy-aydinlar-mahallesinde-kiralik-2-plus1-sifir-daire-1140311151/detay","Ã‡EKMEKÃ–Y AYDINLAR MAHALLESÄ°NDE KÄ°RALIK 2+1 SIFIR DAÄ°RE - KiralÄ±k Daire Ä°lanlarÄ± sahibinden.com da - 1140311151","Ã–Z TEAM GAYRÄ°MENKUL DEN\r\n\r\nÃ‡EKMEKÃ–Y AYDINLAR MAHALLESÄ°NDE\r\n\r\n2+1 80M2â€‹ YÃœKSEK GÄ°RÄ°Åž DAÄ°RE\r\n\r\n\r\n\r\n\r\nULAÅžIM SIKINTISI YOKTUR\r\n\r\nTÃœM AKTÄ°VÄ°TELERE YÃœRÃœME MESAFESÄ°NDE\r\n\r\nSIFIR 2+1\r\n\r\nKAPALI BALKONLU\r\n\r\nDETAYLI BÄ°LGÄ° VE SUNUM Ä°Ã‡Ä°N LÃœTFEN ARAYINIZ\r\n\r\nÄ°BRAHÄ°M DEMÄ°R: \r\n\r\n0544 660 12 04\r\n\r\n0216 312 22 50â€‹","13000","85","153","TL","2023-12-04T21:00:00.000Z"
"Ä°ÅŸ Yeri","DÃ¼kkan & MaÄŸaza","SatÄ±lÄ±k","Ä°stanbul","BahÃ§elievler","SiyavuÅŸpaÅŸa Mh.","null","26983108","1140329517","40.99608292953774","28.85293409228325","https://i0.shbdn.com/photos/32/95/17/1140329517aim.jpg","https://www.sahibinden.com/ilan/emlak-is-yeri-satilik-10-m2-fetih-cad-yakini-ispark-yakini-1140329517/detay","10 m2 Fetih cad yakÄ±nÄ± ispark yakÄ±nÄ± sahibinden.comda - 1140329517","DÃ¼kkan bahÃ§elievler siyavuÅŸpaÅŸa parkÄ± altÄ±ndadÄ±r\r\nÄ°sparkÄ±n hemen yanÄ±nda\r\nDÃ¼kkan boÅŸtur\r\nKiraya verilmesi durumunda\r\n4.000 tl kira getirir\r\nFizik tedavi karÅŸÄ±sÄ±nda\r\nTÃ¼m detaylar iÃ§in iletiÅŸim","455000","10","45500","TL","2023-12-04T21:00:00.000Z"
"Konut","Daire","SatÄ±lÄ±k","Ä°stanbul","ÅžiÅŸli","PaÅŸa Mh.","75","26983108","1139902150","41.05456763544922","28.97298897116699","https://i0.shbdn.com/photos/90/21/50/113990215067c.jpg","https://www.sahibinden.com/ilan/emlak-konut-satilik-sisli-bomonti-kuleli-evleri-guzelbahce-sitesi-2-plus1-bos-1139902150/detay","ÅžÄ°ÅžLÄ° BOMONTÄ° KULELÄ° EVLERÄ° GÃœZELBAHÃ‡E SÄ°TESÄ° 2+1 BOÅž - SatÄ±lÄ±k Daire Ä°lanlarÄ± sahibinden.com da - 1139902150","ÅžÄ°ÅžLÄ° BOMONTÄ° FERÄ°KÃ–Y\r\nPAÅžA MAHALLESÄ°\r\nKULELÄ° EVLERÄ° GÃœZELBAHÃ‡E SÄ°TESÄ°\r\n2+1 80 M2 2. KAT BALKONLU\r\nMUHTEÅžEM YATIRIM FIRSATIDIR\r\nBOÅž DAÄ°RE\r\n3.250.000 TL\r\nDETAYLI BÄ°LGÄ° Ä°Ã‡Ä°N LÃœTFEN ARAYINIZ\r\nBOMONTY GAYRÄ°MENKUL\r\nORKUT KILIÃ‡\r\n0539 501 46 06","3250000","90","36111","TL","2023-12-04T21:00:00.000Z"
"Konut","Daire","SatÄ±lÄ±k","Ä°stanbul","EyÃ¼p","Mimarsinan Mh.","116","26983108","1140377681","41.15993884979884","28.920951386474734","https://i0.shbdn.com/photos/37/76/81/11403776810nw.jpg","https://www.sahibinden.com/ilan/emlak-konut-satilik-derin-den-him-evleri-kemer-de-satilik-3-plus1-dubleks-daire-1140377681/detay","DERÄ°N DEN HÄ°M EVLERÄ° KEMER DE SATILIK 3+1 DUBLEKS DAÄ°RE! - SatÄ±lÄ±k Daire Ä°lanlarÄ± sahibinden.com da - 1140377681","Ä°LGÄ°LENMEKTE OLDUÄžUNUZ Ä°LANDA ÅžÄ°RKETÄ°MÄ°Z TEK YETKÄ°LÄ°DÄ°R.â€‹\r\n\r\n\r\n\r\nDERÄ°N GAYRÄ°MENKUL DEN\r\n\r\n\r\n\r\n\r\n\r\nKEMERBURGAZ DA ORMANIN YANI BAÅžINDA\r\n\r\n\r\n3.000 M2 ALANDA 4 BLOKTA 32 DAÄ°REDEN OLUÅžAN\r\n\r\n\r\n\r\n\r\n\r\nHÄ°M EVLERÄ° KEMER DE\r\nAMERÄ°KAN MUTFAK SALONLU\r\n\r\n\r\n\r\n\r\nSATILIK 3+1 MUHTEÅžEM DAÄ°RE!\r\n\r\n\r\nYATIRIM Ä°Ã‡Ä°N UYDUR\r\n\r\nDAÄ°RE PLANI VE M2 LERÄ° FOTOÄžRAFLARDA YER ALMAKTADIR.\r\n\r\n\r\n\r\n\r\n\r\n\r\n\r\n\r\nHÄ°M EVLERÄ° KEMER DE\r\n24 SAAT KAYIT YAPAN KAMERALI GÃœVENLÄ°K\r\nPROFESYONEL GÃœVENLÄ°K\r\n\r\n2 ARAÃ‡LIK KAPALI OTOPARK\r\n\r\nAÃ‡IK YÃœZME HAVUZU\r\n\r\nFÄ°TNESS CENTER\r\n\r\nSOSYAL TESÄ°S/KAFETERYA\r\n\r\nPEYZAJ ALANI/BAHÃ‡E\r\n\r\n4 ADET SCHÄ°NDLER MARKA ASANSÃ–R\r\n\r\nAKSA MARKA JENERATÃ–R\r\n\r\nSU DEPOSU/HÄ°DROFOR\r\n\r\nÅžÄ°FRELÄ° GÄ°RÄ°Åž\r\n\r\nGÃ–RÃœNTÃœLÃœ DÄ°YAFON\r\n\r\nHER DAÄ°REDE DOÄžALGAZLI YERDEN ISITMA SÄ°STEMÄ°\r\n\r\nDAÄ°RELERÄ°N HER ODASINDA SOÄžUTMA SÄ°STEMÄ°\r\n\r\nDAÄ°RELERÄ°N CAMLARINDA ELEKTRÄ°KLÄ° PANJUR\r\n\r\nHER DAÄ°REDE SIEMENS MARKA ANKASTRE OCAK-FIRIN-DAVLUMBAZ-BULAÅžIK MAK.\r\n\r\nHER DAÄ°REYE AÄ°T DEPO KULLANIMI BULUNMAKTADIR.\r\n\r\n\r\n\r\n\r\n\r\nKEMERBURGAZ & GÃ–KTÃœRK HAKKINDA GENEL BÄ°LGÄ°\r\n\r\nHAVAALANI VE 3. KÃ–PRÃœ YAKININDA BULUNAN ETRAFI ORMANLARLA Ã‡EVRÄ°LÄ°, ÅžEHRÄ°N\r\n\r\nKARMAÅžASINDAN UZAK, STRESSÄ°Z VE GÃœVENLÄ° BÄ°R YAÅžAM SÄ°ZLERÄ° BEKLÄ°YOR...\r\n\r\nSize Ã–zel Profesyonel Gayrimenkul DanÄ±ÅŸmanlarÄ± Ä°stiyorsanÄ±z;\r\n\r\nEn Ä°yi Hamleniz Derin Gayrimenkulâ€™u Aramak OlacaktÄ±r!\r\n\r\n\r\n\r\nDiÄŸer PortfÃ¶ylerimiz Ä°Ã§in TÄ±klayÄ±n!\r\n\r\n\r\n\r\nPORTFÃ–Y YETKLÄ°SÄ°\r\n\r\nDERÄ°N GAYRÄ°MENKUL\r\n\r\n0 212 322 1 680\r\n\r\n0 541 436 5 452","11000000","137","80292","TL","2023-12-04T21:00:00.000Z"
"Konut","Daire","KiralÄ±k","Ä°zmir","BayraklÄ±","Cengizhan Mh.","60","26983108","1140493119","38.47362756436906","27.172140218317512","","https://www.sahibinden.com/ilan/emlak-konut-kiralik-sahibinden-ev-1140493119/detay","Sahibinden ev - KiralÄ±k Daire Ä°lanlarÄ± sahibinden.com da - 1140493119","DoÄŸalgazlÄ± yeni daire","7000","65","108","TL","2023-12-04T21:00:00.000Z"
"Arsa","Zeytinlik","SatÄ±lÄ±k","Ä°zmir","BayÄ±ndÄ±r","KarapÄ±nar Mh.","null","26983108","1140333112","38.22601459913724","27.74565082043409","https://i0.shbdn.com/photos/33/31/12/1140333112wme.jpg","https://www.sahibinden.com/ilan/emlak-arsa-satilik-satilik-zeytinlik-1140333112/detay","SatÄ±lÄ±k zeytinlik - SatÄ±lÄ±k Arsa Ä°lanlarÄ± sahibinden.com da - 1140333112","YatÄ±rÄ±mlÄ±k zeytinlik yolu var kacÄ±rÄ±lmayacak fÄ±rsat","215000","910","236","TL","2023-12-04T21:00:00.000Z"
"Arsa","Zeytinlik","SatÄ±lÄ±k","Ä°zmir","BayÄ±ndÄ±r","Ã‡enikler Mh.","null","26983108","1140409981","38.22856596380792","27.73375321179628","https://i0.shbdn.com/photos/40/99/81/1140409981the.jpg","https://www.sahibinden.com/ilan/emlak-arsa-satilik-sahibinden-koye-yakin-zeytinlik-1140409981/detay","Sahibinden KÃ¶ye YakÄ±n Zeytinlik - SatÄ±lÄ±k Arsa Ä°lanlarÄ± sahibinden.com da - 1140409981","Sahibiyim Komisyon vs Yok\r\n\r\nMÃ¼stakil Tapu\r\n\r\nHerhangi Åžerh Beyan Problem Yok\r\n\r\nKÃ¶ye YakÄ±n\r\n\r\nSulama BarajÄ±na YakÄ±n\r\n\r\nManzaralÄ±\r\n\r\nBayÄ±ndÄ±r Ä°lÃ§eye YakÄ±n\r\n\r\nÄ°Ã§erisinde 20 CivarÄ± AÄŸaÃ§ Mevcut\r\n\r\nTapu MasraflarÄ± AlÄ±cÄ±ya Aittir\r\n\r\nTapu Devri Ä°stenilen Åžehirde YapÄ±lÄ±r","185000","997","186","TL","2023-12-04T21:00:00.000Z"
"Arsa","Arazi","KiralÄ±k","Ä°zmir","Bornova","GÃ¼rpÄ±nar Mh.","null","26983108","1140414643","38.425666480422166","27.27124784141779","https://i0.shbdn.com/photos/41/46/43/1140414643j5p.jpg","https://www.sahibinden.com/ilan/emlak-arsa-kiralik-bornova-pinarbasi-mahallesinde-5000-m2-kiralik-arsa-1140414643/detay","Bornova PÄ±narbaÅŸÄ± Mahallesinde 5000 m2 KiralÄ±k Arsa - KiralÄ±k Arsa Ä°lanlarÄ± sahibinden.com da - 1140414643","Bornova PÄ±narbaÅŸÄ± GÃ¼rpÄ±nar Mahallesinde\r\nElektrik, suyu olan arsamiz kiraliktir.\r\nTir garajina uygundur.","75000","5000","15","TL","2023-12-04T21:00:00.000Z"
"Konut","Daire","KiralÄ±k","Ä°zmir","Bornova","AtatÃ¼rk Mh.","110","26983108","1140030913","38.476524037784046","27.195640727877617","https://i0.shbdn.com/photos/03/09/13/1140030913vbp.jpg","https://www.sahibinden.com/ilan/emlak-konut-kiralik-kiralik-daire-1140030913/detay","KiralÄ±k daire - KiralÄ±k Daire Ä°lanlarÄ± sahibinden.com da - 1140030913","net 110 metre kare\r\n3 oda 1 salon\r\ndoÄŸalgazlÄ±\r\neÅŸyasÄ±z","12500","120","104","TL","2023-12-04T21:00:00.000Z"
"Arsa","Zeytinlik","SatÄ±lÄ±k","Ä°zmir","BayÄ±ndÄ±r","KÄ±zÄ±loba Mh.","null","26983108","1140335030","38.27984776471681","27.6717031077066","https://i0.shbdn.com/photos/33/50/30/1140335030rcn.jpg","https://www.sahibinden.com/ilan/emlak-arsa-satilik-bayindir-kiziloba-koyunde-660-m2-satilik-zeytinlik-1140335030/detay","BAYINDIR KIZILOBA KÃ–YÃœNDE 660 M2 SATILIK ZEYTÄ°NLÄ°K - SatÄ±lÄ±k Arsa Ä°lanlarÄ± sahibinden.com da - 1140335030","â€‹TURYAP AKINCILAR HÄ°PODROM TEMSÄ°LCÄ°LÄ°ÄžÄ°\r\n\r\n\r\nTURYAP GÃœVENCESÄ° Ä°LE\r\n\r\nÄ°ZMÄ°R / BAYINDIR / KIZILOBA MAHALLESÄ°NDE\r\n\r\nÄ°Ã‡Ä°NDE 25-30 ADET ZEYTÄ°N AÄžACI BULUNAN\r\n\r\n660 METREKARE\r\n\r\n\r\n\r\nSATILIK ZEYTÄ°NLÄ°K\r\n\r\n\r\nDAHA DETAYLI BÄ°LGÄ° VE RANDEVU Ä°Ã‡Ä°N BÄ°ZÄ° ARAYINIZ...\r\n\r\n\r\nKENAN KIZILER","150000","660","227","TL","2023-12-04T21:00:00.000Z"
"Arsa","Tarla","SatÄ±lÄ±k","Ä°zmir","Menderes","DerekÃ¶y Mh.","null","26983108","1140346530","38.241718112548824","27.095559461034224","https://i0.shbdn.com/photos/34/65/30/1140346530lfe.jpg","https://www.sahibinden.com/ilan/emlak-arsa-satilik-derekeoyde-mukemmel-konuma-sahip-yol-kenari-2240-m2-tarla-1140346530/detay","DEREKEÃ–YDE MÃœKEMMEL KONUMA SAHÄ°P YOL KENARI 2240 M2 TARLA - SatÄ±lÄ±k Arsa Ä°lanlarÄ± sahibinden.com da - 1140346530","DETAYLI BÄ°LGÄ° VE RANDEVU Ä°Ã‡Ä°N LÃœTFEN ARAYINIZ...\r\n\r\n\r\nÃ–ÄžRETMEN EMLAK MENDERES\r\n\r\n\r\nGAYRÄ°MENKULDEN Ã–TE...","6500000","2240","2902","TL","2023-12-04T21:00:00.000Z"
"Arsa","Tarla","SatÄ±lÄ±k","Ä°zmir","Menemen","Hatundere Mh.","null","26983108","1140344456","38.67916791877309","26.999927312135696","https://i0.shbdn.com/photos/34/44/56/1140344456g98.jpg","https://www.sahibinden.com/ilan/emlak-arsa-satilik-menemen-hatundere-foca-yoluna-sifir-satilik-tarla-1140344456/detay","MENEMEN HATUNDERE FOÃ‡A YOLUNA SIFIR SATILIK TARLA - SatÄ±lÄ±k Arsa Ä°lanlarÄ± sahibinden.com da - 1140344456","Menemen Hatundere mevkii\r\n\r\nFoÃ§a OtobanÄ±na cepheli\r\n\r\nNOVADA Avm 1 km\r\n\r\nAda : 193\r\nParsel: 58\r\n\r\nElektirik - Su arsanÄ±n bulunduÄŸu noktada var\r\n\r\nRandevu iÃ§in ;\r\n\r\nDoÄŸukan Ercan\r\n0554 735 41 35","4000000","2223","1799","TL","2023-12-04T21:00:00.000Z"
"Arsa","Zeytinlik","SatÄ±lÄ±k","Ä°zmir","Ã–demiÅŸ","KayakÃ¶y Mh.","null","26983108","1140322481","38.201524477664336","27.803335487817133","https://i0.shbdn.com/photos/32/24/81/1140322481cjg.jpg","https://www.sahibinden.com/ilan/emlak-arsa-satilik-hg-gayrimenkulden-kayakoyde-2-ayri-parsel-satilik-zeytinlik-1140322481/detay","HG GAYRÄ°MENKULDEN KAYAKÃ–YDE 2 AYRI PARSEL SATILIK ZEYTÄ°NLÄ°K - SatÄ±lÄ±k Arsa Ä°lanlarÄ± sahibinden.com da - 1140322481","*TarlamÄ±z Ã–DEMÄ°Åž KAYAKÃ–Y Mahallesine BaÄŸlÄ± Ã‡amurluk Mevkinde Olup EtrafÄ± Ã‡evrilidir.\r\n\r\n*TÄ°RE VE Ã–DEMÄ°Åž MERKEZ E 25 DK MESAFEDEDÄ°R\r\n\r\n*TarlamÄ±zda Su Kuyusu Mevcut Olup Ä°Ã§erisinde 55 tane 15 yÄ±llÄ±k yeni verimli aÅŸÄ±lÄ± Zeytin aÄŸaÃ§larÄ± vardÄ±r.\r\n\r\n*TarlamÄ±z yol kenarÄ± olup araÃ§la iÃ§ine kadar girilebilmektedir.\r\n\r\n*TarlamÄ±z 2 ayrÄ± parselden ayrÄ± ayrÄ± tapularÄ± mevcuttur.\r\n\r\n* Ada Parsel Bilgileri: -Ä°zmir-Ã–demiÅŸ-KarakÃ¶y Ada Parsel:1221 ve 1222 dir.","1350000","2720","496","TL","2023-12-04T21:00:00.000Z"
"Arsa","Ä°marlÄ± Konut","SatÄ±lÄ±k","Ä°zmir","BayÄ±ndÄ±r","FÄ±rÄ±nlÄ± Mh.","null","26983108","1140335494","38.20741443506031","27.596345457988747","","https://www.sahibinden.com/ilan/emlak-arsa-satilik-egebay-gayrimenkul,den-satilik-imarli-arsa-1140335494/detay","Egebay Gayrimenkul,den satÄ±lÄ±k imarlÄ± arsa - SatÄ±lÄ±k Arsa Ä°lanlarÄ± sahibinden.com da - 1140335494","arsamÄ±z 265 m2 2.5 kat imarlÄ±dÄ±r\r\n\r\nelektrik su alma imkanÄ± bulunmaktadÄ±r\r\n\r\nyatÄ±rÄ±m iÃ§in ve 4 mevsim yaÅŸamak iÃ§in uygun niteliklere sahiptir\r\n\r\nbayÄ±ndÄ±r merkeze 10 km izmir merkeze 60 km mesafededir\r\n\r\narsamÄ±z hakkÄ±nda detaylÄ± bilgi ve yerinde gÃ¶rmek iÃ§in bizimle iletiÅŸime geÃ§ebilirsiniz","750000","265","2830","TL","2023-12-04T21:00:00.000Z"
"Konut","Daire","SatÄ±lÄ±k","Ä°zmir","KarabaÄŸlar","DoÄŸanay Mh.","90","26983108","1140379230","38.39699704004721","27.120013484047153","https://i0.shbdn.com/photos/37/92/30/1140379230pio.jpg","https://www.sahibinden.com/ilan/emlak-konut-satilik-bahcelievler-doganay-mahallesinin-en-guzel-sokaginda-asansorlu-1140379230/detay","BAHÃ‡ELÄ°EVLER DOÄžANAY MAHALLESÄ°NÄ°N EN GÃœZEL SOKAÄžINDA ASANSÃ–RLÃœ - SatÄ±lÄ±k Daire Ä°lanlarÄ± sahibinden.com da - 1140379230","DetaylÄ± bilgi iÃ§in arayÄ±nÄ±z","2000000","100","20000","TL","2023-12-04T21:00:00.000Z"
"Konut","Daire","KiralÄ±k","Ä°zmir","Konak","Mimar Sinan Mh.","75","26983108","1140409168","38.432980970242106","27.149635209678618","https://i0.shbdn.com/photos/40/91/68/11404091689hc.jpg","https://www.sahibinden.com/ilan/emlak-konut-kiralik-foradan-2-plus1-kiralik-daire-1140409168/detay","FORADAN 2+1 KÄ°RALIK DAÄ°RE - KiralÄ±k Daire Ä°lanlarÄ± sahibinden.com da - 1140409168","DÃ¼nya gÃ¶z hastanesi yakÄ±nÄ±\r\n\r\n2+1 geniÅŸ kullanÄ±ÅŸlÄ±\r\n\r\nTramvay, sahil ve merkeze yÃ¼rÃ¼me mesafesinde","14000","85","165","TL","2023-12-04T21:00:00.000Z"
"Arsa","Tarla","SatÄ±lÄ±k","Ä°zmir","Menderes","Tekeli Fevzi Ã‡akmak Mh.","null","26983108","1140428431","38.18621943344615","27.203797325491905","https://i0.shbdn.com/photos/42/84/31/11404284319v2.jpg","https://www.sahibinden.com/ilan/emlak-arsa-satilik-imarin-sinirinda-1140428431/detay","Ä°MARIN SINIRINDA - SatÄ±lÄ±k Arsa Ä°lanlarÄ± sahibinden.com da - 1140428431","YatÄ±rÄ±mlÄ±k arsa","1300000","402","3234","TL","2023-12-04T21:00:00.000Z"
"Konut","Daire","KiralÄ±k","Ä°zmir","KarÅŸÄ±yaka","BahÃ§elievler Mh.","50","26983108","1140325131","38.46726033398227","27.122457078395836","https://i0.shbdn.com/photos/32/51/31/1140325131y2x.jpg","https://www.sahibinden.com/ilan/emlak-konut-kiralik-karsiyaka-bahcelievlerde-1-plus1-kiralik-daire-1140325131/detay","KarÅŸÄ±yaka bahÃ§elievlerde 1+1 kiralÄ±k daire - KiralÄ±k Daire Ä°lanlarÄ± sahibinden.com da - 1140325131","BahÃ§elievler katlÄ± pazar yeri yakÄ±nÄ±\r\n\r\nÃ–ÄŸretmen evinin bulunduÄŸu sokakta\r\n\r\nÄ±sÄ±nmasÄ± bulunmamaktadÄ±r","11500","55","209","TL","2023-12-04T21:00:00.000Z"
"Konut","Daire","SatÄ±lÄ±k","Ä°zmir","KarÅŸÄ±yaka","Fikri Altay Mh.","115","26983108","1140323443","38.47509721015363","27.10126868810633","https://i0.shbdn.com/photos/32/34/43/1140323443nn7.jpg","https://www.sahibinden.com/ilan/emlak-konut-satilik-baskut-emlak-tan-fikri-altay-mah-satilik-3-plus1-daire-1140323443/detay","BAÅžKUT EMLAK  TAN FÄ°KRÄ° ALTAY MAH. SATILIK 3+1 DAÄ°RE - SatÄ±lÄ±k Daire Ä°lanlarÄ± sahibinden.com da - 1140323443","DAÄ°RE VE KONUM Ã–ZELLÄ°KLERÄ°:\r\n-3+1 KAPALI MUTFAKLI\r\n-3 LÃœ ANKASTRE\r\n-VESTÄ°YER\r\n-ELEKTRÄ°KLÄ° PANJUR\r\n-DOÄžALGAZ & KOMBÄ°\r\n-Ã‡ELÄ°K KAPI\r\n-GÃ–RÃœNTÃœLÃœ DÄ°AFON\r\n-ASANSÃ–R\r\n-ISI & SES YALITIMI\r\n-KAPALI OPTOPARK\r\n-ANADOLU CADDESÄ°, TOPLU TAÅžIMA,MARKET,PAZAR,ECZANE,PARK&YEÅžÄ°L ALAN,BANKA &ATM ,SPOR SALONU YÃœRÃœME MESAFESÄ°NDEDÄ°R.\r\n-KONUM Ä°ÅžARETLÄ°DÄ°R\r\n\r\nâ€‹ DAÄ°RE HAKKINDA DETAYLI BÄ°LGÄ° EDÄ°NMEK VE DAÄ°REYÄ° GÃ–RMEK Ä°Ã‡Ä°N LÃœTFEN ARAYINIZ\r\n\r\n\r\n\r\nBÄ°LGÄ° Ä°Ã‡Ä°N: 0535 724 1610 & 0553 698 3898","2800000","125","22400","TL","2023-12-04T21:00:00.000Z"
"Konut","Daire","SatÄ±lÄ±k","Ankara","Mamak","Åžahintepe Mh.","110","26983108","1140358517","39.91550500926915","32.91628508222644","https://i0.shbdn.com/photos/35/85/17/1140358517ssw.jpg","https://www.sahibinden.com/ilan/emlak-konut-satilik-mamak-sahintepe-de-nato-yolu-cadde-dibi-mukemmel-lokasyonda-3-plus1-1140358517/detay","MAMAK ÅžAHÄ°NTEPE DE NATO YOLU CADDE DÄ°BÄ° MÃœKEMMEL LOKASYONDA 3+1 - SatÄ±lÄ±k Daire Ä°lanlarÄ± sahibinden.com da - 1140358517","YENÄ° EVÄ°N EMLAK GÃœVENCESÄ°YLE\r\n\r\n\r\n\r\n\r\n\r\n*EVÄ°NÄ°Z DE KREDÄ°NÄ°Zâ€™DE BÄ°ZDEN.\r\n\r\n*UZMAN KREDÄ° EKÄ°BÄ°MÄ°Z Ä°LE KREDÄ° Ä°ÅžLEMLERÄ°NÄ°ZÄ° HIZLI BÄ°R ÅžEKÄ°LDE Ã‡Ã–ZÃœYORUZ\r\n\r\n* FÄ°YATLARIMIZ PAZARLIKLIDIR YÃœZ YÃœZE YAPILIR.\r\n\r\n3+1\r\n\r\nL BALKONLU\r\n\r\nBAÄžIMLI\r\n\r\nGÃœNEY BATI CEPHELÄ°\r\n\r\nÃ–N CEPHELÄ°\r\n\r\nDUÅžAKABÄ°N\r\n\r\nCADDEYE Ä°KÄ° BÄ°NA\r\n\r\n\r\n\r\n\r\nSÄ°ZLERE HER BÃœTÃ‡EYE UYGUN GAYRÄ°MENKULU BULMAK Ä°Ã‡Ä°N BURDAYIZ..\r\n\r\n\r\n\r\n\r\n\r\nKONUM TEMSÄ°LÄ° Ä°ÅžARETLENMÄ°ÅžTÄ°R...\r\n\r\nDÃœÅžÃœK FAÄ°Z ORANIYLA TAMAMINA KREDÄ° Ä°MKANI.\r\n\r\n\r\n\r\n\r\n\r\n* KÄ°RA Ã–DER GÄ°BÄ° KENDÄ° EVÄ°NÄ°ZÄ°N SAHÄ°BÄ° OLUN.\r\n\r\n\r\n\r\n*DETAYLI BÄ°LGÄ° ALMAK Ä°Ã‡Ä°N VE DAÄ°REMÄ°ZÄ° GÃ–RMEK Ä°Ã‡Ä°N ARAYINIZ\r\n\r\n\r\n\r\nADRESÄ°MÄ°Z: TUZLUÃ‡AYIR MAH. NATOYOLU CAD. NO:25/D\r\n\r\n\r\n\r\nÄ°RTÄ°BAT TELELFONUMUZ: / Telefonu GÃ¶ster\r\n\r\n*HAFTA SONLARI DA HÄ°ZMET VERMEKTEYÄ°Z","1830000","120","15250","TL","2023-12-04T21:00:00.000Z"
"Konut","Daire","KiralÄ±k","Ankara","BeypazarÄ±","BaÅŸaÄŸaÃ§ Mh.","130","26983108","1140419993","40.145497658395456","31.898962296545502","https://i0.shbdn.com/photos/41/99/93/1140419993p0z.jpg","https://www.sahibinden.com/ilan/emlak-konut-kiralik-sahibinden-kiralik-3-plus1-sifir-luks-daire-1140419993/detay","SAHÄ°BÄ°NDEN KÄ°RALIK 3+1 SIFIR LÃœKS DAÄ°RE - KiralÄ±k Daire Ä°lanlarÄ± sahibinden.com da - 1140419993","DetaylÄ± bilgi iÃ§in arayabilir veya Whatsapp Ã¼zerinden iletiÅŸime geÃ§ebilirsiniz..\r\n\r\nDaireye haftanÄ±n her gÃ¼nÃ¼ , gÃ¼n iÃ§erisinde bakabilirsiniz..\r\n\r\n\r\nBAÅžAÄžAÃ‡ MAHALLESÄ° KONAK KOOPERATÄ°FÄ°NDEDÄ°R.3+1,1.KAT\r\n\r\nNET 130 M2 BRÃœT 145 M2\r\n\r\nDAÄ°RE Ä°Ã‡Ä° KÄ°LER,\r\nAMERÄ°KAN PANEL KAPILAR,\r\nODA ZEMÄ°NLERÄ° LAMÄ°NANT PARKE,\r\nISLAK ZEMÄ°NLER FAYANS,\r\nPVC CAMLAR,\r\nEBEVEYN BANYOSU,\r\n2 ADET GENÄ°Åž BALKON,\r\nDIÅž CEPHE ISIYALITIMLIDIR.\r\nKONUM OLARAK &\r\n\r\nGENÃ‡LÄ°K MERKEZÄ°\r\nGAZÄ° GÃœNDÃœZALP ORTA OKULU\r\nFEN LÄ°SESÄ°, HALK EÄžÄ°TÄ°M MERKEZÄ°\r\nSÃœLEYMANÄ°YE EÄžÄ°TÄ°M KURUMU\r\nBTM ALIÅžVERÄ°Åž MERKEZÄ°\r\nDÄ°ÄžER LÄ°SE VE OKULLARA CAFELER MARKETLER VS. YÃœRÃœME MESAFESÄ°NDEDÄ°R.","12000","145","83","TL","2023-12-04T21:00:00.000Z"
"Konut","Daire","SatÄ±lÄ±k","Ankara","Mamak","AkÅŸemsettin Mh.","130","26983108","1140407169","39.89420055200433","32.93937776237726","","https://www.sahibinden.com/ilan/emlak-konut-satilik-acill-satilik-1140407169/detay","Acill Satilik - SatÄ±lÄ±k Daire Ä°lanlarÄ± sahibinden.com da - 1140407169","En Uygunu 3+1","1850000","135","13704","TL","2023-12-04T21:00:00.000Z"
"Konut","Daire","SatÄ±lÄ±k","Ankara","KeÃ§iÃ¶ren","19 MayÄ±s Mh.","120","26983108","1140327435","39.99045973139019","32.85129546506928","https://i0.shbdn.com/photos/32/74/35/1140327435ieg.jpg","https://www.sahibinden.com/ilan/emlak-konut-satilik-elif-4-emlak-tan-19-mayis-da-3-plus1-kat-konumunda-masrafsiz-daire-1140327435/detay","ELÄ°F 4 EMLAK TAN 19 MAYIS DA 3+1 KAT KONUMUNDA MASRAFSIZ DAÄ°RE - SatÄ±lÄ±k Daire Ä°lanlarÄ± sahibinden.com da - 1140327435","â€‹â€‹â€‹\r\n\r\nâ€‹\r\n\r\n\r\n\r\n\r\n\r\nELÄ°F 4 AYRICALIÄžI Ä°LE ;\r\n\r\n\r\nYaÅŸam iÃ§in konfor, Mutluluk iÃ§in huzur arÄ±yorsanÄ±z tam yerindesiniz.....\r\n\r\n19 MAYIS MAHALLESÄ°NDE\r\n\r\nDANIÅžMENT GÃ–BEK YAKINIDIR\r\n\r\nOTOBÃœS-DOLMUÅž-PARK YAKINI\r\n\r\n\r\n3+1 SALONA 2 ODA BAÄžIMLI\r\n\r\nKOT1-ALTINDA DAÄ°RE VAR\r\n\r\nBÄ°NAMIZ MONTALAMALIDIR\r\n\r\n\r\nGÃœNEY-BATI CEPHE\r\n\r\nGENÄ°Åž DAÄ°RE\r\n\r\n\r\nDUÅžAKABÄ°N\r\n\r\n\r\nGÃ¼Ã§lÃ¼ Alt YapÄ±..\r\n\r\n\r\n\r\nGÃ¼leryÃ¼zlÃ¼ ve Profesyonel Ekibimizle Hizmetinizdeyiz...\r\n\r\n\r\n\r\nGeniÅŸ KullanÄ±m AlanÄ±na Sahip....\r\n\r\n\r\nKonforlu Ve Kaliteli Bi00r YaÅŸam Ä°Ã§in TasarlanmÄ±ÅŸ....\r\n\r\n\r\n\r\n\r\nÄ°ster YATIRIMLIK Ä°ster Oturumluk...\r\n\r\nPrim Garantisi\r\n\r\nTï»¿ï»¿amamÄ±na Kredi Ä°mkanÄ±..\r\n\r\n\r\n\r\nUlaÅŸÄ±m YÃ¼rÃ¼me Mesafesinde\r\n\r\n\r\n\r\nHastanelere, Semt PazarÄ±na, Marketlere YakÄ±n Konum....\r\n\r\n\r\n\r\nKredi ve Tapu Ä°ÅŸleriniz Finans Ekibi TarafÄ±ndan Takip Edilmektedir...\r\n\r\n\r\nâ€‹\r\n\r\n\r\n\r\nDÃœÅžÃœK FAÄ°Z ORANLARI VE UYGUN Ã–DEME PLANI Ä°LE KÄ°RACILIÄžA SON VERÄ°YORUZ!!\r\n\r\n\r\n\r\n\r\n\r\n\r\n\r\nâ€‹\r\n\r\nGELECEÄžE GÃœVENLÄ° ADIM !!\r\n\r\n\r\n\r\nSÄ°ZLERE HAFTANIN 7 GÃœNÃœ HÄ°ZMET VERMEKTEYÄ°Z ..\r\n\r\nSizleri satÄ±s ofisimize Ã§ay ve kahve iÃ§meye beklerizâ€¦\r\n\r\n\r\n\r\n\r\nDETAYLI BÄ°LGÄ° VE RANDEVU Ä°Ã‡Ä°N ARAYINIZ...\r\n\r\n\r\n0535 695 33 33\r\n\r\n\r\n\r\n\r\n\r\n\r\n\r\n\r\n\r\n\r\n\r\nADRES: SAKIZ ADASI CAD.23/B KEÃ‡Ä°Ã–REN-ANKARA\r\n\r\n\r\n\r\n\r\nTEL: 0312 356 1000","1349000","125","10792","TL","2023-12-04T21:00:00.000Z"
"Konut","Daire","SatÄ±lÄ±k","Ankara","AltÄ±ndaÄŸ","YÄ±ldÄ±ztepe Mh.","150","26983108","1140426514","39.9729035836321","32.89853889098649","https://i0.shbdn.com/photos/42/65/14/1140426514goz.jpg","https://www.sahibinden.com/ilan/emlak-konut-satilik-garanti-emlaktan-teras-balkonlu-masrafsiz-luks-3-plus1-site-dairesi-1140426514/detay","GARANTÄ° EMLAKTAN TERAS BALKONLU MASRAFSIZ LÃœKS 3+1 SÄ°TE DAÄ°RESÄ° - SatÄ±lÄ±k Daire Ä°lanlarÄ± sahibinden.com da - 1140426514","ANKARANIN TAM MERKEZÄ°NDE\r\n\r\n16 YILLIK BÄ°RÄ°KÄ°M VE TERCÃœBE...\r\n\r\n\r\n\r\n\r\n\r\nDAÄ°REMÄ°Z 3+1 160m2 BRÃœT\r\n\r\n150m2 NET KULLANIM ALANI VARDIR.\r\n\r\nGÃœNEY-BATI CEPHELÄ°DÄ°R.\r\n\r\nASANSÃ–R,MANTOLAMA,SES YALITIMI VE ISI YALITIMI\r\n\r\nKAPALI-AÃ‡IK OTOPARK\r\n\r\nVESTÄ°YER,KÄ°LER,Ã‡ELÄ°K KAPI\r\n\r\nLAMÄ°NAT PARKE,LAKE Ä°Ã‡ KAPILAR\r\n\r\nARA ZEMÄ°NLER GRANÄ°T\r\n\r\nGENÄ°Åž FERAH MUTFAK\r\n\r\nANKASTRE SET OCAK FIRIN\r\n\r\n\r\nPiMAPEN ISICAM,TERAS BALKONLU\r\n\r\nGÃ–RÃœNTÃœLÃœ DÄ°AFON, DUVAR KAÄžIDI\r\n\r\n\r\nEBEVEYN BANYOSU\r\n\r\nDUÅžAKABÄ°N,HÄ°LTON LAVABO VE KLOZET MEVCUTTUR.\r\n\r\nÄ°SKANLI VE OTURUMA HAZIR DAÄ°RE.\r\n\r\n\r\n\r\n\r\n\r\nOKUL,AVM VE PAZARA Ã‡OK YAKINDIR.\r\n\r\nULAÅžIMA SIFIR MESAFEDE.\r\n\r\n\r\n\r\n\r\nSAYAMADIÄžIMIZ BÄ°R Ã‡OK Ã–ZELLÄ°K BU DAÄ°REDE MEVCUTDUR,\r\n\r\nOFÄ°SÄ°MÄ°ZE BEKLÄ°YORUZ ...\r\n\r\n\r\n\r\n\r\nKÄ°RA GETÄ°RÄ°SÄ°:18.000TL\r\n\r\n\r\n\r\n\r\n\r\n\r\nSAAT 19:00 DAN SONRA ARAYABÄ°LÄ°RSÄ°NÄ°Z:0555 330 40 28\r\n\r\n\r\n\r\nSiz DeÄŸerli MÃ¼ÅŸterilerimize\r\n\r\nCovid 19 Ã–nlemlerimizi Alarak\r\n\r\nHizmet Vermeye Devam Etmekteyiz.\r\n\r\nHijyen ve Temizlik KurallarÄ±nÄ±, Her Zaman Ã–nde Tutan Ä°ÅŸletmemiz,\r\n\r\nBu SÃ¼reÃ§te Ekstra Ã–nlemlerle, GÃ¶nÃ¼l RahatlÄ±ÄŸÄ±yla Evinizdeki Konfor da Sizleri AÄŸÄ±rlamaktan Onur DuyacaÄŸÄ±z ...\r\n\r\n\r\n\r\n\r\n16 yÄ±llÄ±k deneyimimiz, yÃ¼ksek nitelikli hizmet anlayÄ±ÅŸÄ±mÄ±z ve gayrimenkul danÄ±ÅŸmanlÄ±ÄŸÄ±ndaki ayrÄ±calÄ±klÄ± becerimizle size Ã¶zel seÃ§enekler Ã¼retir, idealinizdekini buluruz. AlÄ±rken de, satarken de; kiralarken de, devrederken deâ€¦\r\n\r\n\r\n\r\n\r\n\r\n\r\n-14 BANKA 3 DEVLET BANKASI Ä°LE Ã–ZEL OLARAK YAPMIÅž OLDUÄžUMUZ ANLAÅžMA DOÄžRULTUSUNDA\r\n\r\nKÄ°ÅžÄ°YE Ã–ZEL KREDÄ° ORANI VE VADE Ä°MKANI SUNMAKTAYIZ\r\n\r\n\r\n-SATIÅž SONRASI TÃœM BANKA VE TAPU Ä°ÅžLEMLERÄ°NÄ°ZLE PROFESYONEL FÄ°NANS EKÄ°BÄ°MÄ°Z Ä°LGÄ°LENMEKTE\r\n\r\n\r\n-DÄ°LEDÄ°ÄžÄ°NÄ°Z PROJE, SÄ°TE, APARTMAN VE MÃœSTAKÄ°L KONUTA Ã–ZEL\r\n\r\nÃœCRETSÄ°Z EXPERTÄ°Z HÄ°ZMETÄ°\r\n\r\n\r\n- DAÄ°RENÄ°ZE Ã–ZEL ÃœCRETSÄ°Z MÄ°MARÄ° Ã‡Ä°ZÄ°M VE DEKARASYON HÄ°ZMETÄ°\r\n\r\n\r\n-DAÄ°RENÄ°ZE Ã–ZEL PROFESYONEL TEMÄ°ZLÄ°K HÄ°ZMETÄ°\r\n\r\n\r\n-TÃœM DAÄ°RELERÄ°MÄ°DE Ä°SKAN GARANTÄ°SÄ°\r\n\r\n\r\n-ANAHTAR VE TAPU TESLÄ°M DAÄ°RELER\r\n\r\n\r\n-TAKAS DURUMUNDA ARACINIZ SATIÅžIYLA Ã–ZEL OLARAK Ä°LGÄ°LENMEKTEYÄ°Z\r\n\r\nDETAYLI BÄ°LGÄ° VE DANIÅžMANLIK HÄ°ZMETÄ° Ä°Ã‡Ä°N SÄ°ZÄ° SATIÅž OFÄ°SÄ°MÄ°ZE BEKLÄ°YORUZ.\r\n\r\n\r\n\r\n\r\n\r\n\r\n\r\nPAZAR GÃœNLERÄ° KAPALIYIZ...\r\n\r\n\r\n\r\n\r\n\r\n\r\nSORUNSUZ VE KAZANÃ‡LI BÄ°R DAÄ°RE ---TAMAMINA KREDÄ° Ä°MKANLARIYLA\r\n\r\nTÃœM KREDÄ° Ä°ÅžLEMLERÄ°NÄ°Z FÄ°RMAMIZ TARAFINDAN\r\n\r\n%0,99 DAN BAÅžLAYAN ORANLARLA TAKÄ°P EDÄ°LMEKTEDÄ°R.\r\n\r\n\r\n\r\n\r\nÄ°LAN NO:6046\r\n\r\n\r\n\r\n\r\n\r\nADRESÄ°MÄ°Z: CELAL ESAT ARSEVEN CADDESÄ° 259/15\r\n\r\nALTINDAÄž/GÃœNEÅžEVLER/\r\n\r\nOFÄ°S TEL :0312 318 18 06: OFÄ°S CEP: 0532 152 85 51\r\n\r\n\r\n\r\n\r\n\r\n\r\nÄ°LETÄ°ÅžÄ°M VE RANDEVU Ä°Ã‡Ä°N NUMARALARIMIZ","3950000","160","24688","TL","2023-12-04T21:00:00.000Z"
"Konut","Daire","SatÄ±lÄ±k","Ankara","KeÃ§iÃ¶ren","Åžehit Kubilay Mh.","145","26983108","1140330633","39.9991948151369","32.807529694789444","https://i0.shbdn.com/photos/33/06/33/1140330633x9o.jpg","https://www.sahibinden.com/ilan/emlak-konut-satilik-ef-gayrimenkul-den-sifir-4-plus1-teras-balkonlu-luks-site-dairesi-1140330633/detay","EF GAYRÄ°MENKUL DEN SÄ±fÄ±r 4+1 Teras Balkonlu LÃ¼ks Site Dairesi - SatÄ±lÄ±k Daire Ä°lanlarÄ± sahibinden.com da - 1140330633","EF GAYRÄ°MENKUL\r\n\r\n\r\n\r\n\r\n\r\n\r\nMerhaba DeÄŸerli Ev Arayanlar\r\n\r\n\r\n\r\n\r\n\r\nSizlere modern yaÅŸamÄ±n tadÄ±nÄ± Ã§Ä±karabileceÄŸiniz, lÃ¼ks detaylarla donatÄ±lmÄ±ÅŸ etkileyici bir daire sunuyorum. Bu eÅŸsiz 4+1 daire, 150 metrekare geniÅŸliÄŸi, ÅŸÄ±k tasarÄ±mÄ± ve sunduÄŸu konfor ile adeta bir yaÅŸam alanÄ±ndan Ã§ok daha fazlasÄ±nÄ± vaat ediyor.\r\n\r\nDAÄ°RE Ã–ZELLÄ°KLERÄ°.\r\n\r\n\r\n\r\n\r\n\r\n\r\n\r\nGeniÅŸ ve Ferah\r\n\r\n125M2 bÃ¼yÃ¼klÃ¼ÄŸÃ¼ndeki bu muhteÅŸem daire, ailenizle kaliteli zaman geÃ§irebileceÄŸiniz geniÅŸ bir yaÅŸam alanÄ± sunmaktadÄ±r.\r\n\r\n\r\n\r\nLÃ¼ks TasarÄ±m\r\n\r\n\r\n\r\nHer detayÄ±nda lÃ¼ks ve ÅŸÄ±klÄ±k bulunan bu daire, tasarÄ±mÄ±yla gÃ¶z kamaÅŸtÄ±rÄ±yor. YÃ¼ksek kaliteli malzemeler ve Ã¶zenle seÃ§ilmiÅŸ detaylar, evin her kÃ¶ÅŸesinde hissediliyor.\r\n\r\n\r\n\r\nModern Mutfak\r\n\r\n\r\n\r\nTam donanÄ±mlÄ± ve modern mutfaÄŸÄ±mÄ±zda, en son teknolojiye sahip ankastre yeri ve geniï¿½ï¿½ tezgahlar bulunmaktadÄ±r. Yemek yapma deneyiminizi bir Ã¼st seviyeye taÅŸÄ±yÄ±n.\r\n\r\n\r\n\r\nGeniÅŸ Balkon\r\n\r\n\r\n\r\nDaireye Ã¶zel geniÅŸ balkon, ÅŸehrin huzur verici manzarasÄ±na karÅŸÄ± keyifli anlar yaÅŸamanÄ±zÄ± saÄŸlar. AkÅŸam Ã§ayÄ±nÄ±zÄ± ya da kahvenizi burada iÃ§mek ayrÄ±calÄ±k olacak.\r\n\r\n\r\n\r\n\r\n\r\nMerkezi Konum\r\n\r\n\r\n\r\nEviniz, ÅŸehrin Ã¶nemli noktalarÄ±na kolayca ulaÅŸabileceÄŸiniz merkezi bir konumda bulunmaktadÄ±r. UlaÅŸÄ±m konusunda sÄ±kÄ±ntÄ± yaÅŸamadan istediÄŸiniz yere hÄ±zlÄ±ca ulaÅŸÄ±n.\r\n\r\n\r\n\r\n\r\n\r\n\r\n\r\n\r\nMÃœKEMMEL LOKASYON DA\r\n\r\nOKUL, SEMT PAZARI VE SAÄžLIK OCAÄžI YAKININDA MÃœKEMMEL LOKASYONDA BULUNAN DAÄ°REMÄ°ZÄ° SÄ°Z DEÄžERLÄ° MÃœÅžTERÄ°LERÄ°MÄ°ZE SUNMAKTAN KIVANÃ‡ DUYUYORUZ.\r\n\r\nULUS -KIZILAY - HASTANELER DOLMUÅž VE OTOBÃœS GÃœZERGAHI DAÄ°REMÄ°Z YAKININDAN GEÃ‡MEKTEDÄ°\r\n\r\n\r\n\r\nANTARES/AVM\r\n\r\n\r\nÃ–ZEL KOLEJLER\r\n\r\nETLÄ°K ÅžEHÄ°R HASTANESÄ° YAKINI\r\n\r\nKARTALTEPE AQUPARK\r\n\r\nYAKACIK MESÄ°RE ALANI\r\n\r\nÃ‡EVRE YOLU YAKINI\r\n\r\nEGO VE DOLMUÅž HATLARI\r\n\r\nSAÄžLIK OCAÄžI\r\n\r\n\r\n\r\n\r\n\r\n\r\n\r\n\r\n\r\n\r\nâœ® TAPU ve KREDÄ° Ä°ÅžLEMLERÄ°NÄ°Z PROFESYONEL EKÄ°BÄ°MÄ°Z TARAFINDAN TAKÄ°P EDÄ°LMEKTEDÄ°R. âœ®\r\n\r\n\r\n\r\nGÃœVENLÄ° â€¢ Tapu ve kredi iÅŸlemleriniz, gÃ¼venilir ellerde.\r\n\r\n\r\n\r\n\r\nDENEYÄ°MLÄ° â€¢Uzman ekibimizle yÄ±llarÄ±n getirdiÄŸi tecrÃ¼be sizinle.\r\n\r\nKURUMSAL â€¢ Ä°ÅŸlemleriniz, kurumsal bir yaklaÅŸÄ±mla yÃ¶netiliyor.\r\n\r\nTEKNOLOJÄ°K â€¢ Modern teknoloji sayesinde hÄ±zlÄ± ve etkili Ã§Ã¶zÃ¼mler.\r\n\r\nUYGUN â€¢ En uygun ÅŸartlar ve anlaÅŸmalÄ± bankalarla kredi kullanÄ±mÄ±.\r\n\r\nMEMNUNÄ°YET â€¢ Her adÄ±mda mÃ¼ÅŸteri memnuniyeti odaklÄ± hizmet.\r\n\r\n\r\n\r\n\r\n\r\n\r\n\r\n\r\n\r\n\r\nOFÄ°S ADRESÄ°MÄ°Z:\r\nYÃœKSELTEPE MAH. 2107CD NO: 3/J","4300000","165","26061","TL","2023-12-04T21:00:00.000Z"
"Arsa","Ä°marlÄ± Turizm + Konut","SatÄ±lÄ±k","Ankara","Ã‡ankaya","YaÅŸamkent Mh.","null","26983108","1140360590","39.86626002668779","32.6547796279192","https://i0.shbdn.com/photos/36/05/90/11403605901n7.jpg","https://www.sahibinden.com/ilan/emlak-arsa-satilik-c21-vipten-satilik-yasamkentte-villa-ticari-arsa-1140360590/detay","C21 VIPTEN SATILIK YAÅžAMKENTTE VÄ°LLA-TÄ°CARÄ° ARSA - SatÄ±lÄ±k Arsa Ä°lanlarÄ± sahibinden.com da - 1140360590","C21 VIP DEN Ä°NÅžAAT RUHSATI Ã‡IKMAK ÃœZERE SATILIK TÄ°CARÄ° YADA KONUT YAPILABÄ°LÄ°R ARSA\r\n\r\nTek Yetkili\r\n\r\nCentury 21 Vip Gayrimenkul\r\n\r\nGayrimenkul DanÄ±ÅŸmanÄ±: Recep Han Demirci\r\n\r\nSizleri Century 21 Vip ofisimizde aÄŸÄ±rlamaktan onur duyarÄ±z.\r\n\r\nDetaylÄ± bilgi ve randevu iÃ§in lÃ¼tfen arayÄ±nÄ±z.\r\n\r\nÄ°letiÅŸim No: 0312 553 00 21\r\n\r\nCep No: 0543 336 47 25\r\n\r\nKÄ±zÄ±lÄ±rmak Mah. Ufuk Ãœniversitesi Cad. No:11A/12\r\n\r\nÃ‡ankaya-Ankara","5750000","249","23092","TL","2023-12-04T21:00:00.000Z"
"Arsa","Ä°marlÄ± Konut","SatÄ±lÄ±k","Ankara","Ã‡ankaya","YaÅŸamkent Mh.","null","26983108","1140340902","39.87154698679408","32.651349880239856","https://i0.shbdn.com/photos/34/09/02/1140340902nox.jpg","https://www.sahibinden.com/ilan/emlak-arsa-satilik-yasamkent-satilik-arsa-267-m2-eskisehir-yoluna-yakin-kotlu-arsa-1140340902/detay","YAÅžAMKENT SATILIK ARSA! 267 M2 ESKÄ°ÅžEHÄ°R YOLUNA YAKIN KOTLU ARSA - SatÄ±lÄ±k Arsa Ä°lanlarÄ± sahibinden.com da - 1140340902","KÃœLTÃœR GAYRÄ°MENKUL\r\n\r\nESKÄ°ÅžEHÄ°R YOLUNA VE 3035 CADDEYE YAKIN OLAN ARSAMIZ\r\n\r\nLOKASYON OLARAK ULAÅžIM MARKET VS Ä°MKANLARA Ã‡OK YAKINDIR\r\n\r\nKOT ALIR\r\n\r\nEMSALLERÄ°NE GÃ–RE M2 OLARAK GENÄ°Åž BÄ°R ARSADIR\r\n\r\nDETAYLI BÄ°LGÄ° Ä°Ã‡Ä°N ARAYINIZ\r\n\r\n\r\n\r\n\r\n\r\n\r\nDETAYLI BÄ°LGÄ° VE ALTERNATÄ°F ARSALAR Ä°Ã‡Ä°N LÃœTFEN ARAYINIZ\r\n\r\n\r\n\r\nKÃ¼ltÃ¼r Gayrimenkul Broker Emlak DanÄ±ÅŸmanlÄ±ÄŸÄ± Belge No : UN_041054516677292162558\r\n\r\n\r\nKÃ¼ltÃ¼r Gayrimenkul Broker MYK5 Belge No : YB0166/17UY0333-5/00/2361\r\n\r\n\r\n\r\nTAÅžINMAZ TÄ°CARET YETKÄ° BELGESÄ° NO: 0604132\r\n\r\n\r\n\r\n\r\n\r\n\r\n\r\n\r\n\r\n\r\n\r\nAYRICA ( Ä°NGÄ°LÄ°ZCE , RUSÃ‡A , ARAPÃ‡A , Ä°BRANÄ°CE DÄ°LLERÄ° BÄ°LEN DANIÅžMANLARIMIZ Ä°LE BÄ°LGÄ° ALABÄ°LÄ°RSÄ°NÄ°Z)\r\n\r\nALSO (YOU CAN GET INFORMATION FROM OUR CONSULTANTS SPEAKING ENGLISH, RUSSIAN, ARABIC, Hebrew LANGUAGES)\r\n\r\n\r\nÐ¢ÐÐšÐ–Ð• (Ð’Ð« ÐœÐžÐ–Ð•Ð¢Ð• ÐŸÐžÐ›Ð£Ð§Ð˜Ð¢Ð¬ Ð˜ÐÐ¤ÐžÐ ÐœÐÐ¦Ð˜Ð® Ð£ ÐÐÐ¨Ð˜Ð¥ ÐšÐžÐÐ¡Ð£Ð›Ð¬Ð¢ÐÐÐ¢ÐžÐ’, Ð“ÐžÐ’ÐžÐ Ð¯Ð©Ð˜Ð¥ ÐÐ ÐÐÐ“Ð›Ð˜Ð™Ð¡ÐšÐžÐœ, Ð Ð£Ð¡Ð¡ÐšÐžÐœ, ÐÐ ÐÐ‘Ð¡ÐšÐžÐœ, Ð˜Ð’Ð˜Ð¢Ð Ð•)\r\n\r\n\r\nØ£ÙŠØ¶Ù‹Ø§ (ÙŠÙ…ÙƒÙ†Ùƒ Ø§Ù„Ø­ØµÙˆÙ„ Ø¹Ù„Ù‰ Ù…Ø¹Ù„ÙˆÙ…Ø§Øª Ù…Ù† Ù…Ø³ØªØ´Ø§Ø±ÙŠÙ†Ø§ Ø§Ù„Ø°ÙŠÙ† ÙŠØªØ­Ø¯Ø«ÙˆÙ† Ø§Ù„Ø¥Ù†Ø¬Ù„ÙŠØ²ÙŠØ© ÙˆØ§Ù„Ø±ÙˆØ³ÙŠØ© ÙˆØ§Ù„Ø¹Ø±Ø¨ÙŠØ© ÙˆØ§Ù„Ø¹Ø¨Ø±ÙŠØ©)\r\n\r\n\r\n×›×ž×• ×›×Ÿ (× ×™×ª×Ÿ ×œ×§×‘×œ ×ž×™×“×¢ ×ž×”×™×•×¢×¦×™× ×©×œ× ×• ×”×“×•×‘×¨×™× ×× ×’×œ×™×ª, ×¨×•×¡×™×ª, ×¢×¨×‘×™×ª ×•×¢×‘×¨×™×ª)","4750000","267","17790","TL","2023-12-04T21:00:00.000Z"
"Arsa","Ä°marlÄ± Konut","SatÄ±lÄ±k","Ankara","Pursaklar","AltÄ±nova Mh.","null","26983108","1140331719","40.069082822003374","32.96939509395119","https://i0.shbdn.com/photos/33/17/19/11403317190ic.jpg","https://www.sahibinden.com/ilan/emlak-arsa-satilik-pursaklar-altinova-merkezde-satilik-arsa-1140331719/detay","PURSAKLAR ALTINOVA MERKEZDE SATILIK ARSA - SatÄ±lÄ±k Arsa Ä°lanlarÄ± sahibinden.com da - 1140331719","â€‹ 29 YILLIK DENEYÄ°M VE TECRÃœBEMÄ°ZLE â€‹\r\n\r\n\r\n\r\n\r\n\r\n\r\n\r\nKALÄ°TE VE GÃœVENÄ°N TEK ADRESÄ°ï»¿\r\n\r\nYUVAM EMLAK\r\n\r\n\r\n\r\nâ€‹\r\n\r\nDETAYLI BÄ°LGÄ° Ä°Ã‡Ä°N\r\n\r\nYUVAM EMLAK\r\n\r\n0312 328 70 90 / 0543 670 61 29\r\n\r\n\r\n\r\nDÄ°ÄžER Ä°LANLARIMIZ Ä°Ã‡Ä°N TIKLAYINIZ!ï»¿","750000","153","4902","TL","2023-12-04T21:00:00.000Z"
"Arsa","BaÄŸ & BahÃ§e","SatÄ±lÄ±k","Ankara","Kahramankazan","Fethiye Mh.","null","26983108","1140345586","40.12912321909174","32.58054278790951","https://i0.shbdn.com/photos/34/55/86/1140345586boo.jpg","https://www.sahibinden.com/ilan/emlak-arsa-satilik-kazan-fethiye-de-tek-tapu-kupon-yer-acilll-satilik-1140345586/detay","KAZAN FETHÄ°YE DE TEK TAPU KUPON YER ACÄ°LLL SATILIK - SatÄ±lÄ±k Arsa Ä°lanlarÄ± sahibinden.com da - 1140345586","OTOBANA Ã‡OK YAKIN MESAFEDE Ä°STER HOBÄ° BAHÃ‡ESÄ° YAP Ä°STER PARÃ‡ALA SAT 18 DÃ–NÃœM","25000000","18000","1389","TL","2023-12-04T21:00:00.000Z"
"Arsa","Ä°marlÄ± Konut","SatÄ±lÄ±k","Ankara","Yenimahalle","Kuzey YÄ±ldÄ±zÄ± Mh.","null","26983108","1140381700","40.03212008848867","32.78138796619434","https://i0.shbdn.com/photos/38/17/00/1140381700vj1.jpg","https://www.sahibinden.com/ilan/emlak-arsa-satilik-yakacik-kuzey-yildizi-mah-1989-m2-tek-tapu-konut-imarli-arsa-1140381700/detay","YakacÄ±k Kuzey YÄ±ldÄ±zÄ± Mah 1989 m2 Tek Tapu Konut Ä°marlÄ± Arsa - SatÄ±lÄ±k Arsa Ä°lanlarÄ± sahibinden.com da - 1140381700","EÄŸer saÄŸlam bir yatÄ±rÄ±m ve inÅŸaat iÅŸi arayÄ±ÅŸÄ±ndaysanÄ±z, gÃ¶zlerinizi bu arsaya Ã§evirmenin tam zamanÄ±!\r\n\r\n\r\nAnkara nÄ±n yÃ¼kselen deÄŸeri Yenimahalle de, YakacÄ±k-Ä°mar (Kuzey YÄ±ldÄ±zÄ± Mahallesi) nde yer alan bu konut imarlÄ± arsa, size muazzam bir yatÄ±rÄ±m ve iÅŸ potansiyeli sunuyor.\r\n\r\n\r\nAcil satÄ±ÅŸa sunulan bu benzersiz arsa, bÃ¶lgedeki tek tapulu nadir olan arsalardan biri olma Ã¶zelliÄŸine sahip.\r\nStratejik bir konumda bulunan arsamÄ±z, 50 metrelik bulvara sadece 125 metre mesafede yer alÄ±yor ve Ankara Kuzey Ã‡evre Yolu na da sadece 2 km uzaklÄ±kta.\r\n\r\n\r\n\r\n\r\nUlaÅŸÄ±m; Ä°vedik OSB ye 5 dakika, Ostim OSB ye 10 dakika, Ä°stanbul Yolu na 12 dakika ve KÄ±zÄ±lay a 26 dakika gibi kÄ±sa mesafelerde saÄŸlanabiliyor.\r\n\r\n\r\nBu benzersiz arsa, 12 adet 125 mÂ² lik konut inÅŸa etme potansiyeline sahip. YapÄ±laÅŸma yoÄŸunluÄŸu 0,85 ve 10 kat yapÄ±labilme Ã¶zelliÄŸi, inÅŸaat firmalarÄ±na geniÅŸ bir tasarÄ±m esnekliÄŸi sunuyor.\r\n\r\n\r\n\r\n\r\nÄ°mar planÄ±nda parka cephe olmasÄ± ise gelecekteki konut projesini Ã§evre dostu ve estetik bir atmosfer iÃ§inde hayata geÃ§irme imkanÄ± saÄŸlÄ±yor.\r\n\r\n\r\nBÃ¶lge, hÄ±zla geliÅŸen ve yapÄ±laÅŸma sÃ¼recinde olan bir konumda bulunmaktadÄ±r. Bu da sizin iÃ§in bir yatÄ±rÄ±m fÄ±rsatÄ± demektir. Siz de bu eÅŸsiz konut arsasÄ±nÄ±n avantajlarÄ±ndan yararlanmak, geleceÄŸinize deÄŸer katmak ve bu bÃ¼yÃ¼leyici fÄ±rsatÄ± kaÃ§Ä±rmamak adÄ±na detaylÄ± bilgi almak iÃ§in hemen bizimle iletiÅŸime geÃ§in!\r\n\r\n\r\nGeleceÄŸinize deÄŸer katmanÄ±n tam zamanÄ±.\r\n\r\n\r\n\r\n\r\nGayrimenkul Profesyoneli\r\n\r\nServet MÄ±stak\r\n\r\n0533 016 69 70","10750000","1989","5405","TL","2023-12-04T21:00:00.000Z"
"Arsa","Ä°marlÄ± Konut","SatÄ±lÄ±k","Ankara","AltÄ±ndaÄŸ","DoÄŸu Mh.","null","26983108","1140351625","39.980890331434985","32.89653215557337","https://i0.shbdn.com/photos/35/16/25/1140351625jid.jpg","https://www.sahibinden.com/ilan/emlak-arsa-satilik-daire-getirili-kok-tapu-arsa-1140351625/detay","Daire getirili kÃ¶k tapu arsa - SatÄ±lÄ±k Arsa Ä°lanlarÄ± sahibinden.com da - 1140351625","HavaalanÄ± yoluna 500 m mesafede\r\nHemen MÃ¼teahit ile anlaÅŸÄ±lÄ±r durumda yapÄ±laÅŸmanÄ±n baÅŸladÄ±ÄŸÄ± bÃ¶lgede fÄ±rsat arsa..\r\nE=1.6 emsal\r\n10 kat imarlÄ±\r\n28-30 adet 3+1 daire yapÄ±labilecek arsada 90 m2 hisse satÄ±lÄ±ktÄ±r","540000","2219","243","TL","2023-12-04T21:00:00.000Z"
"Arsa","Ä°marlÄ± Konut","SatÄ±lÄ±k","Ankara","KÄ±zÄ±lcahamam","KaraaÄŸaÃ§ Mh.","null","26983108","1140420105","40.61769931646998","32.60359379196716","https://i0.shbdn.com/photos/42/01/05/11404201057m5.jpg","https://www.sahibinden.com/ilan/emlak-arsa-satilik-kizilcahamam-karaagac-ta-imarli-altyapisi-hazir-arsa-1140420105/detay","KIZILCAHAMAM KARAAÄžAÃ‡ TA Ä°MARLI ALTYAPISI HAZIR ARSA - SatÄ±lÄ±k Arsa Ä°lanlarÄ± sahibinden.com da - 1140420105","KÄ±zÄ±lcahamamâ€™Ä±n yeni yerleÅŸim bÃ¶lgesi olan zirvede,\r\n\r\nElektrik ve suyu hazÄ±rlanmÄ±ÅŸ yollar ve altyapÄ±sÄ± hazÄ±r,\r\n\r\nAkyar barajÄ±na tepeden bakan,\r\n\r\nMÃ¼stakil imarlÄ± 509 metrekare\r\n\r\nYol kenarÄ± etrafÄ±na gÃ¶re yÃ¼ksekte arsamÄ±z satÄ±lÄ±ktÄ±r.","750000","509","1473","TL","2023-12-04T21:00:00.000Z"
"Bina","BelirtilmemiÅŸ","SatÄ±lÄ±k","Ankara","Ã‡ankaya","KÄ±zÄ±lay Mh.","null","26983108","1140417859","39.92162875614689","32.85202520561235","https://i0.shbdn.com/photos/41/78/59/1140417859z4u.jpg","https://www.sahibinden.com/ilan/emlak-bina-satilik-kizilay-izmir-1-caddesi-satilik-komple-bina-1140417859/detay","KIZILAY Ä°ZMÄ°R-1 CADDESÄ° SATILIK KOMPLE BÄ°NA - SatÄ±lÄ±k Bina Ä°lanlarÄ± sahibinden.com da - 1140417859","WORLD MARK\r\n\r\nÄ°NÅžAAT GAYRÄ°MENKUL\r\n\r\n-KIZILAY Ä°ZMÄ°R-1 CADDESÄ°NDE SATILIK BÄ°NA\r\n\r\n\r\n-AYLIK 500.000 TL KÄ°RA GETÄ°RÄ°LÄ° BÄ°NADIR.\r\n\r\nDETAYLI BÄ°LGÄ° Ä°Ã‡Ä°N BÄ°ZÄ°MLE Ä°LETÄ°ÅžÄ°ME GEÃ‡Ä°NÄ°Z\r\n\r\nÄ°LETÄ°ÅžÄ°M: 0312 419 66 98 - 0534 455 45 08","200000000","3000","66667","TL","2023-12-04T21:00:00.000Z"
"Ä°ÅŸ Yeri","Fabrika","KiralÄ±k","Ankara","ElmadaÄŸ","HasanoÄŸlan BahÃ§elievler Mh.","null","26983108","1140415575","39.95645784136991","33.178194276988506","https://i0.shbdn.com/photos/41/55/75/1140415575985.jpg","https://www.sahibinden.com/ilan/emlak-is-yeri-kiralik-hasanoglan-sanayide-kiralik-2000-m-kulanimli-komple-fabrika-bos-1140415575/detay","HASANOGLAN SANAYIDE KÄ°RALIK 2000 M KULANIMLI KOMPLE FABRÄ°KA BOÅž sahibinden.comda - 1140415575","ayrÄ±ntÄ±lÄ± bilgi iÃ§in lÃ¼tfen arayÄ±n","155000","2000","78","TL","2023-12-04T21:00:00.000Z"
